street,district,city
123 Lê Lợi,Q.1,TP.HCM
45 Nguyễn Huệ,Q.1,TP.HCM
67 Đồng Khởi,Q.1,TP.HCM
89 Pasteur,Q.1,TP.HCM
12 Hai Bà Trưng,Q.1,TP.HCM
34 Nguyễn Du,Q.1,TP.HCM
56 Lý Tự Trọng,Q.1,TP.HCM
78 Nam Kỳ Khởi Nghĩa,Q.1,TP.HCM
101 Cách Mạng Tháng 8,Q.3,TP.HCM
202 Võ Văn Tần,Q.3,TP.HCM
303 Trần Quốc Thảo,Q.3,TP.HCM
404 Lê Văn Sỹ,Q.3,TP.HCM
505 Bà Huyện Thanh Quan,Q.3,TP.HCM
156 Sư Vạn Hạnh,Q.10,TP.HCM
234 Ba Tháng Hai,Q.10,TP.HCM
345 Lý Thường Kiệt,Q.10,TP.HCM
102 Lê Hồng Phong,Q.5,TP.HCM
204 Trần Hưng Đạo,Q.5,TP.HCM
156 Nguyễn Trãi,Q.5,TP.HCM
189 An Dương Vương,Q.5,TP.HCM
55 Phan Đăng Lưu,Q.Bình Thạnh,TP.HCM
77 Bạch Đằng,Q.Bình Thạnh,TP.HCM
99 Xô Viết Nghệ Tĩnh,Q.Bình Thạnh,TP.HCM
12 Nguyễn Văn Đậu,Q.Bình Thạnh,TP.HCM
234 Hoàng Văn Thụ,Q.Phú Nhuận,TP.HCM
156 Phan Xích Long,Q.Phú Nhuận,TP.HCM
89 Hoa Lan,Q.Phú Nhuận,TP.HCM
78 Trường Sơn,Q.Tân Bình,TP.HCM
145 Cộng Hòa,Q.Tân Bình,TP.HCM
267 Bạch Đằng,Q.Tân Bình,TP.HCM
389 Lý Thường Kiệt,Q.Tân Bình,TP.HCM
56 Bùi Thị Xuân,Q.Tân Bình,TP.HCM
123 Nguyễn Văn Linh,Q.7,TP.HCM
234 Phú Mỹ Hưng,Q.7,TP.HCM
345 Nguyễn Thị Thập,Q.7,TP.HCM
89 Phạm Văn Chiêu,Q.Gò Vấp,TP.HCM
156 Quang Trung,Q.Gò Vấp,TP.HCM
267 Nguyễn Văn Nghi,Q.Gò Vấp,TP.HCM
12 Võ Văn Ngân,TP.Thủ Đức,TP.HCM
34 Đinh Tiên Hoàng,Q.Bình Thạnh,TP.HCM
45 Hai Bà Trưng,Q.Hai Bà Trưng,Hà Nội
67 Trần Hưng Đạo,Q.Hoàn Kiếm,Hà Nội
89 Lý Thường Kiệt,Q.Hoàn Kiếm,Hà Nội
102 Hàng Bài,Q.Hoàn Kiếm,Hà Nội
234 Phố Huế,Q.Hai Bà Trưng,Hà Nội
345 Bà Triệu,Q.Hai Bà Trưng,Hà Nội
12 Xuân Thủy,Q.Cầu Giấy,Hà Nội
34 Trần Duy Hưng,Q.Cầu Giấy,Hà Nội
56 Nguyễn Khang,Q.Cầu Giấy,Hà Nội
78 Tô Hiệu,Q.Cầu Giấy,Hà Nội
123 Thái Hà,Q.Đống Đa,Hà Nội
234 Tây Sơn,Q.Đống Đa,Hà Nội
345 Láng Hạ,Q.Đống Đa,Hà Nội
12 Nguyễn Chí Thanh,Q.Đống Đa,Hà Nội
56 Trần Thái Tông,Q.Cầu Giấy,Hà Nội
89 Hoàng Quốc Việt,Q.Cầu Giấy,Hà Nội
102 Lạc Long Quân,Q.Tây Hồ,Hà Nội
234 Âu Cơ,Q.Tây Hồ,Hà Nội
345 Xuân Diệu,Q.Tây Hồ,Hà Nội
12 Tô Ngọc Vân,Q.Tây Hồ,Hà Nội
34 Tôn Đức Thắng,Q.Đống Đa,Hà Nội
156 Khâm Thiên,Q.Đống Đa,Hà Nội
234 Phạm Ngọc Thạch,Q.Đống Đa,Hà Nội
12 Quan Hoa,Q.Cầu Giấy,Hà Nội
89 Doãn Kế Thiện,Q.Cầu Giấy,Hà Nội
102 Trần Phú,Q.Hà Đông,Hà Nội
234 Quang Trung,Q.Hà Đông,Hà Nội
56 Nguyễn Thái Học,Q.Ba Đình,Hà Nội
78 Liễu Giai,Q.Ba Đình,Hà Nội
123 Đào Tấn,Q.Ba Đình,Hà Nội
12 Bạch Đằng,Q.Hải Châu,Đà Nẵng
34 Nguyễn Văn Linh,Q.Hải Châu,Đà Nẵng
56 Trần Phú,Q.Hải Châu,Đà Nẵng
78 Lê Duẩn,Q.Hải Châu,Đà Nẵng
102 Phan Châu Trinh,Q.Hải Châu,Đà Nẵng
234 Hùng Vương,Q.Hải Châu,Đà Nẵng
12 Nguyễn Chí Thanh,Q.Hải Châu,Đà Nẵng
89 Hoàng Diệu,Q.Hải Châu,Đà Nẵng
123 Lê Lợi,Q.Hải Châu,Đà Nẵng
234 Quang Trung,Q.Hải Châu,Đà Nẵng
12 Phạm Văn Đồng,Q.Sơn Trà,Đà Nẵng
34 Võ Nguyên Giáp,Q.Sơn Trà,Đà Nẵng
56 Hoàng Sa,Q.Sơn Trà,Đà Nẵng
78 Nguyễn Tất Thành,Q.Thanh Khê,Đà Nẵng
102 Điện Biên Phủ,Q.Thanh Khê,Đà Nẵng
123 Lê Lợi,Q.Ninh Kiều,Cần Thơ
234 30/4,Q.Ninh Kiều,Cần Thơ
345 Nguyễn Trãi,Q.Ninh Kiều,Cần Thơ
12 Mậu Thân,Q.Ninh Kiều,Cần Thơ
56 Trần Văn Hoài,Q.Ninh Kiều,Cần Thơ
78 Hùng Vương,Q.Ninh Kiều,Cần Thơ
12 Hoàng Văn Thụ,Q.Hồng Bàng,Hải Phòng
34 Trần Phú,Q.Lê Chân,Hải Phòng
56 Lạch Tray,Q.Ngô Quyền,Hải Phòng
12 Nguyễn Thị Minh Khai,TP.Nha Trang,Khánh Hòa
34 Trần Phú,TP.Nha Trang,Khánh Hòa
56 Lê Hồng Phong,TP.Nha Trang,Khánh Hòa
12 Bà Triệu,TP.Vinh,Nghệ An
34 Quang Trung,TP.Vinh,Nghệ An
12 Phan Bội Châu,TP.Huế,Thừa Thiên Huế
34 Hùng Vương,TP.Huế,Thừa Thiên Huế
56 Lê Lợi,TP.Huế,Thừa Thiên Huế
12 Phạm Văn Đồng,TP.Quy Nhơn,Bình Định
34 Trần Hưng Đạo,TP.Quy Nhơn,Bình Định
