name,short_name,city
Trung tâm Anh ngữ Sky Education,Sky Education,TP.HCM
Trung tâm Anh ngữ ILA,ILA,TP.HCM
Trung tâm Anh ngữ Apollo,Apollo,Hà Nội
Trung tâm Anh ngữ EQuest,EQuest,Đà Nẵng
Trung tâm Toán Quang Minh,Toán Quang Minh,TP.HCM
Trung tâm Toán Tuệ Đức,Toán Tuệ Đức,Hà Nội
Trung tâm Toán Trí Tuệ Việt,Toán Trí Tuệ Việt,TP.HCM
Trung tâm Bồi dưỡng Văn hóa Hoa Sen,BDVH Hoa Sen,TP.HCM
Trung tâm Bồi dưỡng Văn hóa Bình Minh,BDVH Bình Minh,Hà Nội
Trung tâm Bồi dưỡng Văn hóa Sao Mai,BDVH Sao Mai,Đà Nẵng
Trung tâm Ngoại ngữ Đông Phương,Đông Phương,TP.HCM
Trung tâm Ngoại ngữ Tây Hồ,Tây Hồ,Hà Nội
Trung tâm Tin học iSpace,iSpace,TP.HCM
Trung tâm Tin học Nhất Nghệ,Nhất Nghệ,TP.HCM
Trung tâm Luyện thi Đại học Vĩnh Viễn,Vĩnh Viễn,TP.HCM
Trung tâm Luyện thi Đại học Trí Đức,Trí Đức,Hà Nội
Trung tâm Anh ngữ Vietopia,Vietopia,Cần Thơ
Trung tâm Anh ngữ Á Châu,Á Châu,TP.HCM
Trung tâm Tiếng Nhật Sakura,Sakura,TP.HCM
Trung tâm Tiếng Hàn Kim Chi,Kim Chi,Hà Nội
Trung tâm Tiếng Trung Hoa Hồng,Hoa Hồng,TP.HCM
Trung tâm Mỹ thuật Họa Sĩ Trẻ,Họa Sĩ Trẻ,TP.HCM
Trung tâm Âm nhạc Yamaha,Yamaha,TP.HCM
Trung tâm Âm nhạc Đô Rê Mí,Đô Rê Mí,Hà Nội
Trung tâm Kỹ năng Sống Trẻ Em Vàng,Trẻ Em Vàng,TP.HCM
Trung tâm STEM Robotics Việt,Robotics Việt,TP.HCM
Trung tâm STEM Kid Code,Kid Code,Hà Nội
Trung tâm Tiếng Anh Yola,Yola,TP.HCM
Trung tâm Tiếng Anh Cleverlearn,Cleverlearn,Hà Nội
Trung tâm Toán Tư Duy Mathnasium,Mathnasium,TP.HCM
Trung tâm Toán Tư Duy POMath,POMath,Hà Nội
Trung tâm Anh ngữ Wall Street English,Wall Street,TP.HCM
Trung tâm Anh ngữ British Council,British Council,Hà Nội
Trung tâm Bồi dưỡng Văn hóa Lê Quý Đôn,BDVH Lê Quý Đôn,TP.HCM
Trung tâm Bồi dưỡng Văn hóa Nguyễn Khuyến,BDVH Nguyễn Khuyến,TP.HCM
Trung tâm Luyện thi IELTS Aroma,Aroma,TP.HCM
Trung tâm Luyện thi TOEIC English Town,English Town,Hà Nội
Trung tâm Anh ngữ Wisdom,Wisdom,Đà Nẵng
Trung tâm Anh ngữ Eureka,Eureka,Cần Thơ
Trung tâm Tiếng Anh KidsUp,KidsUp,TP.HCM
Trung tâm Tiếng Anh Hello Kids,Hello Kids,Hà Nội
Trung tâm Bồi dưỡng Văn hóa Nắng Mai,BDVH Nắng Mai,Hải Phòng
Trung tâm Bồi dưỡng Văn hóa Bốn Mùa,BDVH Bốn Mùa,Nha Trang
Trung tâm Tiếng Đức Goethe,Goethe,TP.HCM
Trung tâm Tiếng Pháp Espace,Espace,Hà Nội
Trung tâm Toán SuperKids Việt,SuperKids,TP.HCM
Trung tâm Toán Genius Math,Genius Math,Hà Nội
Trung tâm Năng khiếu Hoa Mai,Hoa Mai,TP.HCM
Trung tâm Năng khiếu Tài Năng Trẻ,Tài Năng Trẻ,Hà Nội
Trung tâm Bồi dưỡng Văn hóa Tri Thức,BDVH Tri Thức,TP.HCM
