first_name,last_name,full_name,gender,region
Bích,Bùi,Bùi Mỹ Bích,F,Trung
Bích,Bùi,Bùi Thị Bích,F,Bắc
Bích,Bùi,Bùi Thị Bích,F,Nam
Huyền,Bùi,Bùi Thị Huyền,F,Nam
Hạnh,Bùi,Bùi Thúy Hạnh,F,Bắc
Loan,Bùi,Bùi Ngọc Loan,F,Trung
Lệ,Bùi,Bùi Mỹ Lệ,F,Bắc
Thủy,Bùi,Bùi Thị Thủy,F,Nam
Tuyết,Bùi,Bùi Thị Tuyết,F,Bắc
Vy,Bùi,Bùi Diệu Vy,F,Trung
Xuân,Bùi,Bùi Kim Xuân,F,Trung
Yến,Bùi,Bùi Thanh Yến,F,Nam
Huyền,Dương,Dương Kim Huyền,F,Trung
Huyền,Dương,Dương Thanh Huyền,F,Nam
Hằng,Dương,Dương Diệu Hằng,F,Nam
Hồng,Dương,Dương Thị Hồng,F,Nam
Lệ,Dương,Dương Thanh Lệ,F,Nam
Lệ,Dương,Dương Kim Lệ,F,Nam
My,Dương,Dương Thị My,F,Trung
Nga,Dương,Dương Ngọc Nga,F,Trung
Nhi,Dương,Dương Thị Nhi,F,Trung
Như,Dương,Dương Kim Như,F,Trung
Thanh,Dương,Dương Thanh Thanh,F,Bắc
Trâm,Dương,Dương Thúy Trâm,F,Bắc
Tuyết,Dương,Dương Mỹ Tuyết,F,Trung
Uyên,Dương,Dương Diệu Uyên,F,Bắc
Bích,Hoàng,Hoàng Ngọc Bích,F,Trung
Hà,Hoàng,Hoàng Kim Hà,F,Bắc
Thu,Hoàng,Hoàng Diệu Thu,F,Nam
Tiên,Hoàng,Hoàng Thanh Tiên,F,Nam
Châu,Huỳnh,Huỳnh Thị Châu,F,Trung
Giang,Huỳnh,Huỳnh Thị Giang,F,Nam
Hằng,Huỳnh,Huỳnh Thị Hằng,F,Trung
Kim,Huỳnh,Huỳnh Diệu Kim,F,Bắc
Lệ,Huỳnh,Huỳnh Thị Lệ,F,Bắc
Lệ,Huỳnh,Huỳnh Thị Lệ,F,Nam
Lệ,Huỳnh,Huỳnh Diệu Lệ,F,Bắc
My,Huỳnh,Huỳnh Diệu My,F,Nam
Nhi,Huỳnh,Huỳnh Kim Nhi,F,Nam
Phương,Huỳnh,Huỳnh Thúy Phương,F,Bắc
Thu,Huỳnh,Huỳnh Thanh Thu,F,Nam
Thu,Huỳnh,Huỳnh Thị Thu,F,Nam
Thảo,Huỳnh,Huỳnh Thị Thảo,F,Bắc
Tuyết,Huỳnh,Huỳnh Thị Tuyết,F,Bắc
Tâm,Huỳnh,Huỳnh Mỹ Tâm,F,Bắc
Hoa,Lê,Lê Thị Hoa,F,Bắc
Hương,Lê,Lê Thanh Hương,F,Bắc
Hạnh,Lê,Lê Thị Hạnh,F,Trung
Loan,Lê,Lê Ngọc Loan,F,Nam
Lệ,Lê,Lê Thúy Lệ,F,Bắc
Mai,Lê,Lê Mỹ Mai,F,Nam
My,Lê,Lê Thị My,F,Nam
Nga,Lê,Lê Thị Nga,F,Nam
Như,Lê,Lê Thúy Như,F,Bắc
Phương,Lê,Lê Mỹ Phương,F,Bắc
Thanh,Lê,Lê Thúy Thanh,F,Bắc
Thảo,Lê,Lê Thị Thảo,F,Trung
Thủy,Lê,Lê Thanh Thủy,F,Trung
Tâm,Lê,Lê Thị Tâm,F,Trung
An,Lý,Lý Thị An,F,Nam
Lan,Lý,Lý Thị Lan,F,Trung
Nga,Lý,Lý Thị Nga,F,Nam
Oanh,Lý,Lý Mỹ Oanh,F,Trung
Oanh,Lý,Lý Thị Oanh,F,Trung
Thủy,Lý,Lý Thị Thủy,F,Nam
Trang,Lý,Lý Ngọc Trang,F,Trung
Trang,Lý,Lý Thanh Trang,F,Bắc
Tú,Lý,Lý Thị Tú,F,Bắc
Yến,Lý,Lý Thị Yến,F,Trung
Huyền,Nguyễn,Nguyễn Kim Huyền,F,Trung
Hương,Nguyễn,Nguyễn Thanh Hương,F,Nam
Thu,Nguyễn,Nguyễn Thúy Thu,F,Nam
Thủy,Nguyễn,Nguyễn Thị Thủy,F,Nam
An,Ngô,Ngô Thị An,F,Trung
Anh,Ngô,Ngô Thị Anh,F,Nam
Hương,Ngô,Ngô Diệu Hương,F,Bắc
Hằng,Ngô,Ngô Thị Hằng,F,Bắc
Thủy,Ngô,Ngô Ngọc Thủy,F,Nam
Tiên,Ngô,Ngô Kim Tiên,F,Nam
Trinh,Ngô,Ngô Thúy Trinh,F,Nam
Tú,Ngô,Ngô Thúy Tú,F,Trung
Tú,Ngô,Ngô Kim Tú,F,Bắc
Tú,Ngô,Ngô Thị Tú,F,Nam
An,Phan,Phan Ngọc An,F,Nam
Anh,Phan,Phan Kim Anh,F,Trung
Châu,Phan,Phan Ngọc Châu,F,Bắc
Diệu,Phan,Phan Thị Diệu,F,Nam
Diệu,Phan,Phan Mỹ Diệu,F,Nam
Hương,Phan,Phan Mỹ Hương,F,Bắc
Hương,Phan,Phan Kim Hương,F,Nam
Hằng,Phan,Phan Ngọc Hằng,F,Nam
Hồng,Phan,Phan Ngọc Hồng,F,Bắc
Loan,Phan,Phan Thúy Loan,F,Trung
My,Phan,Phan Thúy My,F,Trung
Ngọc,Phan,Phan Mỹ Ngọc,F,Nam
Phương,Phan,Phan Ngọc Phương,F,Bắc
Thảo,Phan,Phan Ngọc Thảo,F,Nam
Tiên,Phan,Phan Thị Tiên,F,Nam
Vân,Phan,Phan Thị Vân,F,Trung
Xuân,Phan,Phan Thị Xuân,F,Bắc
Yến,Phan,Phan Diệu Yến,F,Bắc
Bích,Phạm,Phạm Mỹ Bích,F,Nam
Diệu,Phạm,Phạm Thị Diệu,F,Bắc
Dung,Phạm,Phạm Thúy Dung,F,Bắc
Giang,Phạm,Phạm Mỹ Giang,F,Trung
Huyền,Phạm,Phạm Thúy Huyền,F,Trung
Huyền,Phạm,Phạm Kim Huyền,F,Bắc
Hằng,Phạm,Phạm Thị Hằng,F,Bắc
Lan,Phạm,Phạm Thanh Lan,F,Bắc
Linh,Phạm,Phạm Thị Linh,F,Trung
Mỹ,Phạm,Phạm Thúy Mỹ,F,Bắc
Mỹ,Phạm,Phạm Mỹ Mỹ,F,Trung
Như,Phạm,Phạm Thị Như,F,Nam
Trinh,Phạm,Phạm Ngọc Trinh,F,Bắc
Tâm,Phạm,Phạm Kim Tâm,F,Nam
Vy,Phạm,Phạm Thị Vy,F,Trung
Diệu,Trần,Trần Thúy Diệu,F,Bắc
Ngọc,Trần,Trần Thị Ngọc,F,Trung
Nhi,Trần,Trần Thị Nhi,F,Trung
Tiên,Trần,Trần Thanh Tiên,F,Nam
Trâm,Trần,Trần Thanh Trâm,F,Bắc
Uyên,Trần,Trần Thị Uyên,F,Bắc
Vy,Trần,Trần Ngọc Vy,F,Trung
Vy,Trần,Trần Mỹ Vy,F,Bắc
Bích,Vũ,Vũ Diệu Bích,F,Bắc
Châu,Vũ,Vũ Thúy Châu,F,Nam
Huyền,Vũ,Vũ Thị Huyền,F,Trung
Hồng,Vũ,Vũ Diệu Hồng,F,Trung
Hồng,Vũ,Vũ Thanh Hồng,F,Trung
My,Vũ,Vũ Diệu My,F,Bắc
Quỳnh,Vũ,Vũ Ngọc Quỳnh,F,Nam
Thảo,Vũ,Vũ Mỹ Thảo,F,Nam
Yến,Vũ,Vũ Thúy Yến,F,Bắc
Yến,Vũ,Vũ Diệu Yến,F,Bắc
Châu,Đào,Đào Thanh Châu,F,Nam
Hiền,Đào,Đào Diệu Hiền,F,Trung
Hồng,Đào,Đào Thị Hồng,F,Trung
Hồng,Đào,Đào Ngọc Hồng,F,Bắc
Lệ,Đào,Đào Thị Lệ,F,Nam
Mai,Đào,Đào Mỹ Mai,F,Trung
Thủy,Đào,Đào Ngọc Thủy,F,Bắc
Thủy,Đào,Đào Mỹ Thủy,F,Bắc
Trâm,Đào,Đào Kim Trâm,F,Nam
Tâm,Đào,Đào Ngọc Tâm,F,Trung
Tú,Đào,Đào Thị Tú,F,Trung
Tú,Đào,Đào Thúy Tú,F,Trung
Bích,Đặng,Đặng Thị Bích,F,Nam
Linh,Đặng,Đặng Mỹ Linh,F,Bắc
Như,Đặng,Đặng Ngọc Như,F,Trung
Tuyết,Đặng,Đặng Thị Tuyết,F,Nam
Yến,Đặng,Đặng Thanh Yến,F,Bắc
An,Đỗ,Đỗ Thúy An,F,Trung
Hạnh,Đỗ,Đỗ Kim Hạnh,F,Nam
Kim,Đỗ,Đỗ Thanh Kim,F,Bắc
Loan,Đỗ,Đỗ Kim Loan,F,Nam
Lệ,Đỗ,Đỗ Thị Lệ,F,Nam
Như,Đỗ,Đỗ Thị Như,F,Bắc
Thủy,Đỗ,Đỗ Diệu Thủy,F,Nam
Trâm,Đỗ,Đỗ Thị Trâm,F,Nam
Tuyết,Đỗ,Đỗ Diệu Tuyết,F,Nam
Tú,Đỗ,Đỗ Thúy Tú,F,Nam
An,Bùi,Bùi Xuân An,M,Nam
Cường,Bùi,Bùi Quốc Cường,M,Trung
Cường,Bùi,Bùi Anh Cường,M,Bắc
Hoàng,Bùi,Bùi Văn Hoàng,M,Nam
Khang,Bùi,Bùi Văn Khang,M,Trung
Khánh,Bùi,Bùi Xuân Khánh,M,Trung
Mạnh,Bùi,Bùi Minh Mạnh,M,Bắc
Mạnh,Bùi,Bùi Xuân Mạnh,M,Trung
Thái,Bùi,Bùi Hữu Thái,M,Bắc
Vinh,Bùi,Bùi Quốc Vinh,M,Nam
Việt,Bùi,Bùi Anh Việt,M,Trung
Quý,Dương,Dương Minh Quý,M,Trung
Thành,Dương,Dương Văn Thành,M,Nam
Trí,Dương,Dương Văn Trí,M,Bắc
Hiếu,Hoàng,Hoàng Văn Hiếu,M,Bắc
Hiếu,Hoàng,Hoàng Xuân Hiếu,M,Trung
Khoa,Hoàng,Hoàng Văn Khoa,M,Nam
Phong,Hoàng,Hoàng Anh Phong,M,Trung
Quang,Hoàng,Hoàng Quốc Quang,M,Trung
Quý,Hoàng,Hoàng Văn Quý,M,Nam
Thành,Hoàng,Hoàng Minh Thành,M,Nam
Thái,Hoàng,Hoàng Minh Thái,M,Trung
Tâm,Hoàng,Hoàng Văn Tâm,M,Nam
Lâm,Huỳnh,Huỳnh Văn Lâm,M,Bắc
Phong,Huỳnh,Huỳnh Minh Phong,M,Trung
Phát,Huỳnh,Huỳnh Quốc Phát,M,Bắc
Phát,Huỳnh,Huỳnh Minh Phát,M,Bắc
Quân,Huỳnh,Huỳnh Quốc Quân,M,Trung
Tiến,Huỳnh,Huỳnh Minh Tiến,M,Trung
Vinh,Huỳnh,Huỳnh Anh Vinh,M,Nam
Vĩ,Huỳnh,Huỳnh Anh Vĩ,M,Nam
Vĩ,Huỳnh,Huỳnh Quốc Vĩ,M,Bắc
Đức,Huỳnh,Huỳnh Minh Đức,M,Trung
Khải,Lê,Lê Văn Khải,M,Nam
Phong,Lê,Lê Hữu Phong,M,Trung
Phong,Lê,Lê Hữu Phong,M,Bắc
Quân,Lê,Lê Văn Quân,M,Nam
Thành,Lê,Lê Minh Thành,M,Trung
Toàn,Lê,Lê Minh Toàn,M,Trung
Tài,Lê,Lê Văn Tài,M,Bắc
Tâm,Lê,Lê Đức Tâm,M,Nam
Tâm,Lê,Lê Quốc Tâm,M,Bắc
Tùng,Lê,Lê Quốc Tùng,M,Nam
Vinh,Lê,Lê Hữu Vinh,M,Nam
Vĩ,Lê,Lê Quốc Vĩ,M,Trung
Vũ,Lê,Lê Văn Vũ,M,Bắc
Đức,Lê,Lê Minh Đức,M,Nam
An,Lý,Lý Văn An,M,Nam
Bảo,Lý,Lý Anh Bảo,M,Trung
Bảo,Lý,Lý Văn Bảo,M,Bắc
Dũng,Lý,Lý Minh Dũng,M,Trung
Hiếu,Lý,Lý Anh Hiếu,M,Bắc
Hiếu,Lý,Lý Quốc Hiếu,M,Trung
Hùng,Lý,Lý Đức Hùng,M,Nam
Khang,Lý,Lý Văn Khang,M,Nam
Khang,Lý,Lý Văn Khang,M,Trung
Khoa,Lý,Lý Xuân Khoa,M,Nam
Khánh,Lý,Lý Anh Khánh,M,Bắc
Khánh,Lý,Lý Văn Khánh,M,Bắc
Thiên,Lý,Lý Văn Thiên,M,Bắc
Thiên,Lý,Lý Văn Thiên,M,Trung
Tài,Lý,Lý Hữu Tài,M,Bắc
Vĩ,Lý,Lý Hữu Vĩ,M,Nam
Hải,Nguyễn,Nguyễn Quốc Hải,M,Trung
Khang,Nguyễn,Nguyễn Hữu Khang,M,Nam
Phát,Nguyễn,Nguyễn Xuân Phát,M,Bắc
Sơn,Nguyễn,Nguyễn Quốc Sơn,M,Nam
Cường,Ngô,Ngô Xuân Cường,M,Trung
Dũng,Ngô,Ngô Văn Dũng,M,Trung
Giang,Ngô,Ngô Văn Giang,M,Nam
Giang,Ngô,Ngô Minh Giang,M,Trung
Nam,Ngô,Ngô Văn Nam,M,Nam
Phong,Ngô,Ngô Minh Phong,M,Nam
Quang,Ngô,Ngô Đức Quang,M,Nam
Quân,Ngô,Ngô Xuân Quân,M,Bắc
Tài,Ngô,Ngô Quốc Tài,M,Nam
Vinh,Ngô,Ngô Quốc Vinh,M,Bắc
Khoa,Phan,Phan Đức Khoa,M,Bắc
Mạnh,Phan,Phan Hữu Mạnh,M,Bắc
Mạnh,Phan,Phan Minh Mạnh,M,Trung
Quý,Phan,Phan Anh Quý,M,Trung
Quý,Phan,Phan Minh Quý,M,Bắc
Sơn,Phan,Phan Văn Sơn,M,Trung
Thiện,Phan,Phan Anh Thiện,M,Trung
Tuấn,Phan,Phan Hữu Tuấn,M,Bắc
Vinh,Phan,Phan Minh Vinh,M,Nam
Đăng,Phan,Phan Hữu Đăng,M,Trung
Giang,Phạm,Phạm Đức Giang,M,Bắc
Hoàng,Phạm,Phạm Văn Hoàng,M,Bắc
Khoa,Phạm,Phạm Minh Khoa,M,Nam
Quang,Phạm,Phạm Quốc Quang,M,Trung
Sơn,Phạm,Phạm Hữu Sơn,M,Bắc
Sơn,Phạm,Phạm Xuân Sơn,M,Bắc
Thiện,Phạm,Phạm Quốc Thiện,M,Bắc
Trung,Phạm,Phạm Văn Trung,M,Trung
Tuấn,Phạm,Phạm Văn Tuấn,M,Bắc
Tùng,Phạm,Phạm Đức Tùng,M,Bắc
Đạt,Phạm,Phạm Anh Đạt,M,Nam
Đức,Phạm,Phạm Văn Đức,M,Nam
An,Trần,Trần Đức An,M,Nam
Bảo,Trần,Trần Văn Bảo,M,Nam
Bảo,Trần,Trần Anh Bảo,M,Nam
Hải,Trần,Trần Văn Hải,M,Nam
Khánh,Trần,Trần Văn Khánh,M,Nam
Long,Trần,Trần Văn Long,M,Nam
Quang,Trần,Trần Đức Quang,M,Nam
Thành,Trần,Trần Hữu Thành,M,Nam
Tuấn,Trần,Trần Anh Tuấn,M,Nam
Tùng,Trần,Trần Quốc Tùng,M,Bắc
Tùng,Trần,Trần Đức Tùng,M,Nam
Bình,Vũ,Vũ Đức Bình,M,Trung
Cường,Vũ,Vũ Minh Cường,M,Nam
Hải,Vũ,Vũ Anh Hải,M,Bắc
Khang,Vũ,Vũ Minh Khang,M,Nam
Sơn,Vũ,Vũ Hữu Sơn,M,Nam
Tài,Vũ,Vũ Văn Tài,M,Nam
Vinh,Vũ,Vũ Văn Vinh,M,Trung
Đạt,Vũ,Vũ Minh Đạt,M,Trung
Bình,Đào,Đào Quốc Bình,M,Nam
Giang,Đào,Đào Văn Giang,M,Bắc
Hoàng,Đào,Đào Văn Hoàng,M,Bắc
Khải,Đào,Đào Hữu Khải,M,Bắc
Lâm,Đào,Đào Văn Lâm,M,Nam
Quý,Đào,Đào Anh Quý,M,Bắc
Thiện,Đào,Đào Hữu Thiện,M,Trung
Vũ,Đào,Đào Văn Vũ,M,Trung
Đạt,Đào,Đào Đức Đạt,M,Nam
Bảo,Đặng,Đặng Hữu Bảo,M,Nam
Hiếu,Đặng,Đặng Văn Hiếu,M,Bắc
Hải,Đặng,Đặng Minh Hải,M,Nam
Khải,Đặng,Đặng Anh Khải,M,Nam
Minh,Đặng,Đặng Xuân Minh,M,Nam
Phát,Đặng,Đặng Quốc Phát,M,Bắc
Sang,Đặng,Đặng Văn Sang,M,Bắc
Sang,Đặng,Đặng Anh Sang,M,Trung
Trí,Đặng,Đặng Minh Trí,M,Trung
Tuấn,Đặng,Đặng Xuân Tuấn,M,Trung
Tuấn,Đặng,Đặng Quốc Tuấn,M,Bắc
Hải,Đỗ,Đỗ Hữu Hải,M,Bắc
